[
  {
    "id": 1,
    "title": "Essence Mascara Lash Princess",
    "description": "The Essence Mascara Lash Princess is a popular mascara known for its volumizing and lengthening effects.",
    "category": "beauty",
    "price": 9.99,
    "discountPercentage": 10.48,
    "rating": 4.5,
    "stock": 99,
    "brand": "Essence",
    "dimensions": { "width": 15.14, "height": 13.08, "depth": 22.99 },
    "warrantyInformation": "1 week warranty",
    "shippingInformation": "Ships in 3-5 business days",
    "reviews": [
      { "rating": 3, "comment": "Would not recommend!", "reviewerName": "Eleanor Collins" },
      { "rating": 4, "comment": "Very satisfied!", "reviewerName": "Lucas Gordon" }
    ],
    "images": [
      "https://cdn.dummyjson.com/product-images/beauty/essence-mascara-lash-princess/1.webp"
    ],
    "thumbnail": "https://cdn.dummyjson.com/product-images/beauty/essence-mascara-lash-princess/thumbnail.webp"
  },
  {
    "id": 2,
    "title": "Powder Container",
    "description": "Smooth and silky powder container for perfect finish.",
    "category": "beauty",
    "price": 13.49,
    "discountPercentage": 5.5,
    "rating": 4.2,
    "stock": 80,
    "brand": "GlamCo",
    "dimensions": { "width": 10.5, "height": 7.3, "depth": 5.2 },
    "warrantyInformation": "6 months warranty",
    "shippingInformation": "Ships in 3-5 business days",
    "reviews": [
      { "rating": 5, "comment": "Highly impressed!", "reviewerName": "Mia Lee" }
    ],
    "images": [
      "https://images.unsplash.com/photo-1616111834048-6f6f3c5e9a3a?auto=format&fit=crop&w=800&q=80"
    ],
    "thumbnail": "https://images.unsplash.com/photo-1616111834048-6f6f3c5e9a3a?auto=format&fit=crop&w=200&q=80"
  }
]
